Month,Daily_PV_kWh,Remaining_Hours,Daily_Demand_kWh,Demand_per_Hour_kWh,Energy_Stored_per_Day_kWh,Daily_Grid_Export_kWh,Monthly_Grid_Export_kWh
January,927.04,20,366.9,15.28731,305.75,560.14,17364.41
February,1241.16,19,406.21,16.92524,321.58,834.95,23378.63
March,792.73,18,366.9,15.28731,275.17,425.84,13201.0
April,969.84,17,228.38,9.515999,161.77,741.46,22243.72
May,1216.69,16,221.02,9.209031,147.34,995.67,30865.92
June,1389.8,14,228.58,9.524136,133.34,1161.22,34836.52
July,1527.27,13,446.15,18.58974,241.67,1081.12,33514.67
August,1358.9,14,446.15,18.58974,260.26,912.74,28294.99
September,908.96,16,228.38,9.515999,152.26,680.57,20417.21
October,870.95,18,221.02,9.209031,165.76,649.94,20148.0
November,820.65,19,228.38,9.515999,180.8,592.27,17768.11
December,660.66,20,366.9,15.28731,305.75,293.77,9106.76
