Month,Monthly_Irradiance_kWh_m2,Days,Daily_Irradiance_kWh_m2,Sun_Hours,Available_Energy_kWh,Efficiency_pct,PV_Produced_kWh
January,153.72,31,4.96,4,135365.83,21.23,28738.17
February,185.89,28,6.64,5,163694.73,21.23,34752.39
March,131.45,31,4.24,6,115754.87,21.23,24574.76
April,155.63,30,5.19,7,137047.78,21.23,29095.24
May,201.75,31,6.51,8,177661.05,21.23,37717.44
June,223.02,30,7.43,10,196391.41,21.23,41693.9
July,253.25,31,8.17,11,223011.95,21.23,47345.44
August,225.33,31,7.27,10,198425.6,21.23,42125.75
September,145.86,30,4.86,8,128444.32,21.23,27268.73
October,144.42,31,4.66,6,127176.25,21.23,26999.52
November,131.69,30,4.39,5,115966.21,21.23,24619.63
December,109.55,31,3.53,4,96469.73,21.23,20480.52
