Month,Heating_kWh,Cooling_kWh,Irrigation_kWh,Lighting_kWh,Total_kWh
January,11365.2,0.0,5.86,2.7,11373.76
February,11365.2,0.0,5.86,2.7,11373.76
March,11365.2,0.0,5.86,2.7,11373.76
April,0.0,6844.86,5.86,0.8,6851.52
May,0.0,6844.86,5.86,0.8,6851.52
June,0.0,6844.86,11.72,0.8,6857.38
July,0.0,13819.05,11.72,0.0,13830.77
August,0.0,13819.05,11.72,0.0,13830.77
September,0.0,6844.86,5.86,0.8,6851.52
October,0.0,6844.86,5.86,0.8,6851.52
November,0.0,6844.86,5.86,0.8,6851.52
December,11365.2,0.0,5.86,2.7,11373.76
